Diamond Style(English),Diamond Style(中文),,Setting Style(English),Setting Style(中文),,Mounting Style(English),Mounting Style(中文),,Band Style(English),Band Style(中文),,,,,,,
Solitaire,单钻,,Four-Prong,四爪镶,,Cathedral,,,Plain,,,,,,,,
Halo,单钻＋一圈碎钻,,Six-Prong,六爪镶,,Basket,,,Pavé,,,,,,,,
Three-Stone ,三石款,,Double Claw,双爪镶,,Tulip,,,Knife Edge,,,,,,,,
Side Stone,侧边有钻,,,,,Hidden Halo,,,,,,,,,,,
,,,,,,,,,,,,,,,,,
,,,,,,,,,,,,,,,,,
,,,,,,,,,,,,,,,,,
,,,,,,,,,,,,,,,,,
,,,,,,,,,,,,,,,,,
,,,,,,,,,,,,,,,,,
Suggested Style,reference link,images,,,reference link,images,,reference link,images,,,,,,,,
Solitaire,,,,Halo,,,Three Stone,,,,,,,,,,
Plain Band,,,,,,,Classic Four-Prong Three Stone,https://www.brilliantearth.com/Opera-Three-Stone-Diamond-Ring-White-Gold-BE1D5320-8032928/,https://image.brilliantearth.com/media/diamond_ring_vto/5P/BE1D5320_white_Round_top_2_carat.png｜https://image.brilliantearth.com/media/carat_image/1C/BE1D5320_EM_200ct_white_side1.jpg｜https://image.brilliantearth.com/media/carat_image/AA/BE1D5320_EM_200ct_white_side2.jpg,,,,,,,,
,,,,,,,Classic Four-Prong Hidden Halo Three Stone,https://www.brilliantearth.com/Adorned-Opera-Three-Stone-Diamond-Ring-(1/2-ct.-tw.)-Gold-BE1D322-12694822/,https://image.brilliantearth.com/media/diamond_ring_vto/34/BE1D322_yellow_Emerald_top_2_carat.png｜https://image.brilliantearth.com/media/carat_image/53/BE1D322_EM_200ct_yellow_side1.jpg｜https://image.brilliantearth.com/media/carat_image/C0/BE1D322_EM_200ct_yellow_side2.jpg,,,,,,,,
Classic Six-Prong Solitaire,https://www.brilliantearth.com/Classic-Six-Prong-Solitaire-Ring-White-Gold-BE121H6-1151509/,https://image.brilliantearth.com/media/diamond_ring_vto/HT/BE121H6_white_Round_top_2_carat.png｜https://image.brilliantearth.com/media/carat_image/36/BE121H6_RD_200ct_white_side1.jpg｜https://image.brilliantearth.com/media/carat_image/65/BE121H6_RD_200ct_white_side2.jpg,,Halo,https://www.brilliantearth.com/Vienna-Halo-Diamond-Ring-White-Gold-BE1D2111-3958098/,https://image.brilliantearth.com/media/diamond_ring_vto/VE/BE1D2111_white_Round_top_2_carat.png｜https://image.brilliantearth.com/media/carat_image/5D/BE1D2111_RD_200ct_white_side1.jpg,Classic Four-Prong Side Stone,https://www.brilliantearth.com/Symphony-Tapered-Baguette-Three-Stone-Diamond-Ring-(1/2-ct.-tw.)-White-Gold-BE1D879-12137289/,https://image.brilliantearth.com/media/diamond_ring_vto/QZ/BE1D879_white_Emerald_top_2_carat.png｜https://image.brilliantearth.com/media/carat_image/E1/BE1D879_EM_200ct_white_side1.jpg｜https://image.brilliantearth.com/media/carat_image/61/BE1D879_EM_200ct_white_side2.jpg,,,,,,,,
Classic Four-Prong Solitaire,https://www.bluenile.com/complete-jewel?j=17747604&s=11247872&utm_source=google&utm_medium=sem_unbranded_shopping&utm_campaign=semus_bn_google_us_engagement_engagement&utm_term=Natural_Engagement_Rings&utm_content=754884800603&gad_source=1&gad_campaignid=20398587011&gbraid=0AAAAAD_EjsjCNY_rUqDpgzv0YQF9TS4Na&gclid=Cj0KCQjwxvjRBhC2ARIsAI7KJa2Ow8sgzFq8phere0YKmg95n1J0hIXqTLh7JCXLYOIMqdFMewNInKUaAlbfEALw_wcB,https://image.brilliantearth.com/media/diamond_ring_vto/OB/BE1343_white_Oval_top_2_carat.png,,,,,,,,,,,,,,,
Four-Prong Cathedral Solitaire,https://www.brilliantearth.com/Elodie-Cathedral-Solitaire-Ring-14K-White-Gold-BE1761-76788366/?utm_source=google&utm_medium=cpc&utm_campaign=SEM_PLA_US_ER_Conversion&utm_content=733311247350&gad_source=1&gad_campaignid=22248316004,https://image.brilliantearth.com/media/diamond_ring_vto/3D/BE1761_white_Round_top_2_carat.png｜https://image.brilliantearth.com/media/carat_image/4D/BE1761_RD_200ct_white_side1.jpg｜https://image.brilliantearth.com/media/carat_image/21/BE1761_RD_200ct_white_side2.jpg,,,,,,,,,,,,,,,
Six-Prong Cathedral Solitaire,https://www.brilliantearth.com/Elodie-Cathedral-Solitaire-Ring-Platinum-BE1761-25378093/,https://image.brilliantearth.com/media/diamond_ring_vto/B1/BE1761_white_Marquise_top_2_carat.png｜https://image.brilliantearth.com/media/carat_image/7A/BE1761_MQ_200ct_white_side1.jpg｜https://image.brilliantearth.com/media/carat_image/AA/BE1761_MQ_200ct_white_side2.jpg,,,,,,,,,,,,,,,
Four-Prong Basket Solitaire,https://www.brilliantearth.com/Audrey-Perfect-Fit-1.4mm-Solitaire-Ring-14K-White-Gold-BE17652-76820235/,https://image.brilliantearth.com/media/diamond_ring_vto/81/BE17652_white_Round_top_2_carat.png｜https://image.brilliantearth.com/media/carat_image/B7/BE17652_RD_200ct_white_side1.jpg｜https://image.brilliantearth.com/media/carat_image/B5/BE17652_RD_200ct_white_side2.jpg,,,,,,,,,,,,,,,
Four-Prong Hidden Halo Solitaire,https://www.brilliantearth.com/Audrey-Perfect-Fit-Hidden-Halo-1.4mm-Diamond-Ring-14K-White-Gold-BE1D17653-76785919/?utm_source=google&utm_medium=cpc&utm_campaign=SEM_PLA_US_ER_Conversion&utm_content=733311247350&gad_source=1&gad_campaignid=22248316004,https://image.brilliantearth.com/media/diamond_ring_vto/ZL/BE1D17653_yellow_Princess_top_2_carat.png｜https://image.brilliantearth.com/media/carat_image/D0/BE1D17653_PR_200ct_yellow_side1.jpg｜https://image.brilliantearth.com/media/carat_image/E9/BE1D17653_PR_200ct_yellow_side2.jpg,,,,,,,,,,,,,,,
Six-Prong Hidden Halo Solitaire,https://www.brilliantearth.com/Sydney-Perfect-Fit-Hidden-Halo-Six-Prong-Diamond-Ring-14K-White-Gold-BE1D9876-76787118/?utm_source=google&utm_medium=cpc&utm_campaign=SEM_PLA_US_ER_Conversion&utm_content=733311247350&gad_source=4&gad_campaignid=22248316004,https://image.brilliantearth.com/media/diamond_ring_vto/K5/BE1D9876_yellow_Pear_top_2_carat.png｜https://image.brilliantearth.com/media/carat_image/0B/BE1D9876_PE_200ct_yellow_side1.jpg｜https://image.brilliantearth.com/media/carat_image/F1/BE1D9876_PE_200ct_yellow_side2.jpg,,,,,,,,,,,,,,,
,,,,,,,,,,,,,,,,,
,,,,,,,,,,,,,,,,,
,,,,,,,,,,,,,,,,,
,,,,,,,,,,,,,,,,,
Pavé Band,,,,,,,,,,,,,,,,,
Four-Prong Half-Eternity Pavé Solitaire,https://www.brilliantearth.com/Petite-Shared-Prong-Half-Coverage-Diamond-Ring-14K-White-Gold-BE1PD25R25-76788913/,https://image.brilliantearth.com/media/diamond_ring_vto/8G/BE1PD25R25_white_Round_top_2_carat.png｜https://image.brilliantearth.com/media/carat_image/F5/BE1PD25R25_RD_200ct_white_side1.jpg｜https://image.brilliantearth.com/media/carat_image/60/BE1PD25R25_RD_200ct_white_side2.jpg,,Half-Eternity Pavé Halo,https://www.brilliantearth.com/Cambria-Halo-Diamond-Ring-White-Gold-BE1D166-4896696/,https://image.brilliantearth.com/media/diamond_ring_vto/9X/BE1D166_yellow_Round_top_2_carat.png｜https://image.brilliantearth.com/media/carat_image/89/BE1D166_RD_200ct_yellow_side1.jpg｜https://image.brilliantearth.com/media/carat_image/48/BE1D166_RD_200ct_yellow_side2.jpg,Four-Prong Half-Eternity Pavé Three Stone,https://www.brilliantearth.com/Lyra-Three-Stone-Diamond-Ring-(1/4-ct.-tw.)-14K-White-Gold-BE1D1602-76788324/?utm_source=google&utm_medium=cpc&utm_campaign=SEM_PLA_US_ER_Conversion&utm_content=733311247380&gad_source=1&gad_campaignid=22248316004,https://image.brilliantearth.com/media/diamond_ring_vto/U6/BE1D1602_yellow_Emerald_top_2_carat.png｜https://image.brilliantearth.com/media/carat_image/33/BE1D1602_EM_200ct_yellow_side1.jpg｜https://image.brilliantearth.com/media/carat_image/66/BE1D1602_EM_200ct_yellow_side2.jpg,,,,,,,,
Six-Prong Half-Eternity Pavé Solitaire,https://www.brilliantearth.com/Six-Prong-Petite-Shared-Prong-Diamond-Ring-(1/5-ct.-tw.)-14K-White-Gold-BE1D1516-76822931/,https://image.brilliantearth.com/media/diamond_ring_vto/LR/BE1D1516_white_Round_top_2_carat.png｜https://image.brilliantearth.com/media/carat_image/F5/BE1D1516_RD_200ct_white_side1.jpg｜https://image.brilliantearth.com/media/carat_image/8C/BE1D1516_RD_200ct_white_side2.jpg,,Cathedral Half-Eternity Pavé Halo,https://www.brilliantearth.com/Halo-Diamond-Ring-with-Side-Stones-(1/3-ct.-tw.)-White-Gold-BE1BDB30R30-1151600/,, ,,,,,,,,,,
Four-Prong Full-Eternity Pavé Solitaire,https://www.brilliantearth.com/Perfect-Fit-Eternity-Diamond-Ring-(1-1/3-ct.-tw.)-14K-White-Gold-BE1D2414-76788451/?utm_source=google&utm_medium=cpc&utm_campaign=SEM_PLA_US_ER_Conversion&utm_content=733311247350&gad_source=1&gad_campaignid=22248316004,https://image.brilliantearth.com/media/diamond_ring_vto/LF/BE1D2414_yellow_Emerald_top_2_carat.png｜https://image.brilliantearth.com/media/carat_image/64/BE1D2414_EM_200ct_yellow_side1.jpg｜https://image.brilliantearth.com/media/carat_image/0F/BE1D2414_EM_200ct_yellow_side2.jpg,,three-quarter Eternity Pavé Halo,https://www.brilliantearth.com/Waverly-Halo-Diamond-Ring-(1/2-ct.-tw.)-14K-White-Gold-BE1D64-76823653/?utm_source=google&utm_medium=cpc&utm_campaign=SEM_PLA_US_ER_Conversion&utm_content=733311247350&gad_source=1&gad_campaignid=22248316004,https://image.brilliantearth.com/media/carat_image/03/BE1D64_RD_200ct_white_side1.jpg｜https://image.brilliantearth.com/media/carat_image/03/BE1D64_RD_200ct_white_side1.jpg｜https://image.brilliantearth.com/media/carat_image/73/BE1D64_RD_200ct_yellow_side2.jpg,,,,,,,,,,,
Four-Prong Three-quarter EternityPavé Solitaire,https://www.brilliantearth.com/Luxe-French-Pav%C3%A9-Perfect-Fit-Diamond-Ring-(1/2-ct.-tw.)-14K-White-Gold-BE1D145-76787082/?utm_source=google&utm_medium=cpc&utm_campaign=SEM_PLA_US_ER_Conversion&utm_content=733311247350&gad_source=1&gad_campaignid=22248316004,https://image.brilliantearth.com/media/diamond_ring_vto/G6/BE1D145_white_Oval_top_2_carat.png｜https://image.brilliantearth.com/media/diamond_ring_vto/G6/BE1D145_white_Oval_top_2_carat.png｜https://image.brilliantearth.com/media/carat_image/37/BE1D145_OV_200ct_white_side2.jpg,,three-quarter Eternity Pavé Hidden Halo Halo,https://www.brilliantearth.com/Gala-Diamond-Ring-14K-White-Gold-BE1D6362P-76788400/?utm_source=google&utm_medium=cpc&utm_campaign=SEM_PLA_US_ER_Conversion&utm_content=733311247380&gad_source=1&gad_campaignid=22248316004,https://image.brilliantearth.com/media/carat_image/06/BE1D6362P_RD_200ct_white_side1.jpg｜https://image.brilliantearth.com/media/carat_image/06/BE1D6362P_RD_200ct_white_side1.jpg｜https://image.brilliantearth.com/media/carat_image/4D/BE1D6362P_RD_200ct_white_side2.jpg,,,,,,,,,,,
,,,,,,,,,,,,,,,,,
,,,,,,,,,,,,,,,,,
,,,,,,,,,,,,,,,,,
,,,,,,,,,,,,,,,,,
Knife Edge,,,,,,,,,,,,,,,,,
Four-Prong Knife Edge Solitaire,https://www.brilliantearth.com/Piper-Knife-Edge-Solitaire-Ring-14K-White-Gold-BE1524-76785969/,https://image.brilliantearth.com/media/diamond_ring_vto/5P/BE1524_yellow_Emerald_top_2_carat.png｜https://image.brilliantearth.com/media/carat_image/D3/BE1524_EM_200ct_yellow_side1.jpg｜https://image.brilliantearth.com/media/carat_image/B2/BE1524_EM_200ct_yellow_side2.jpg,,,,,Four-Prong Knife Edge Pavé Three Stone,https://www.bluenile.com/engagement-rings/custom-engagement-rings/knife-edge-pave-engagement-ring-4-prong-nouveau-head-item-293453?srsltid=AfmBOory28JlAQvU0305tHL_XcXe6wOg6cjmZJhqKF-_Um4SDwsPbGuqM5g,https://ion.bluenile.com/sets/Jewelry/Photoshoot/Bluenile/BrioPackshot/Custom/BNS12xBNH01/BNS12xBNH01_RND/BNS12xBNH01_M1_RND_DIM_wht_0100CT_W_W/BNS12xBNH01_M1_RND_DIM_wht_0100CT_W_W.001.jpg｜https://ion.bluenile.com/sets/Jewelry/Photoshoot/Bluenile/BrioPackshot/Custom/BNS12xBNH01/BNS12xBNH01_RND/BNS12xBNH01_M1_RND_DIM_wht_0100CT_W_W/BNS12xBNH01_M1_RND_DIM_wht_0100CT_W_W.002.jpg,,,,,,,,
Six-Prong Knife Edge Solitaire,https://www.jewelrypoint.com/6-prong-solitaire-engagement-ring-mounting-knife-edge-band/?gad_source=4&gad_campaignid=22384748286&gbraid=0AAAAAD9WMcceEy9yCQLhIAfq_rQg-yrWV&gclid=EAIaIQobChMI2Ni0s_TOlQMVRR6tBh1c4RRcEAQYAyABEgJqcvD_BwE,https://cdn11.bigcommerce.com/s-9b8niz/images/stencil/1100x1100/products/4962/31694/six-prong-solitaire-engagement-ring-knife-edge-shank__02947.1783355634.jpg?c=2｜https://cdn11.bigcommerce.com/s-9b8niz/images/stencil/1100x1100/products/4962/31696/six-prong-solitaire-engagement-ring-knife-edge-shank-side__34860.1783355644.jpg?c=2,,,,,,,,,,,,,,,
Four-Prong Knife Edge Pavé Solitaire,https://www.brilliantearth.com/Tacori-Sculpted-Crescent-Knife-Edge-Diamond-Ring-White-Gold-BE1DT2686-12921130/,https://image.brilliantearth.com/media/diamond_ring_vto/WF/BE1DT2686_white_Round_top_2_carat.png｜https://image.brilliantearth.com/media/carat_image/FA/BE1DT2686_RD_200ct_white_side1.jpg｜,,,,,,,,,,,,,,,
,,,,,,,,,,,,,,,,,
,,,,,,,,,,,,,,,,,
,,,,,,,,,,,,,,,,,
,,,,,,,,,,,,,,,,,
,,,,,,,,,,,,,,,,,
,,,,,,,,,,,,,,,,,
,,,,,,,,,,,,,,,,,
,,,,,,,,,,,,,,,,,
,,,,,,,,,,,,,,,,,
,,,,,,,,,,,,,,,,,
,,,,,,,,,,,,,,,,,
,,,,,,,,,,,,,,,,,
,,,,,,,,,,,,,,,,,
,,,,,,,,,,,,,,,,,
,,,,,,,,,,,,,,,,,
,,,,,,,,,,,,,,,,,
,,,,,,,,,,,,,,,,,
,,,,,,,,,,,,,,,,,
reference link,images,Comparable specs,Competitor price refs,Lowest comparable price,Average comparable price,Comparability notes,,,,,,,,,,,
,,,,,,,,,,,,,,,,,
https://www.grownbrilliance.com/4-ctw-round-lab-grown-diamond-solitaire-engagement-ring-platinum/pid/RIGTXR09875R400PL2,https://media.grownbrilliance.com/a2c5372a-e16a-4ea3-b361-da9fdc89a59f/https://images.grownbrilliance.com/productimages/RIGTXR09875R400/medium/RIGTXR09875R400-WG-RB-WH-400-M0.jpg | https://media.grownbrilliance.com/a2c5372a-e16a-4ea3-b361-da9fdc89a59f/https://images.grownbrilliance.com/productimages/RIGTXR09875R400/medium/RIGTXR09875R400-WG-RB-WH-400-M1.jpg | https://media.grownbrilliance.com/a2c5372a-e16a-4ea3-b361-da9fdc89a59f/https://images.grownbrilliance.com/productimages/RIG0625X1/medium/RIG0625X1-C075SO-GW-RD-2.jpg,"4 ct round lab center; solitaire/prong; lab-grown; platinum/14K white; E/F color, VS1/VS2 clarity","Grown Brilliance $5,360 | Kay $4,799.99 | Zales $5,499.98 | GB D/VVS low setting $7,195","$4,799.99","$5,713.74",Closest comps are 4 ct round lab solitaire rings. Metal/quality varies: GB reference is platinum E/VS1; Kay/Zales are 14K white F/VS2; D/VVS GB variant included as high-quality ceiling.,,,,,,,,,,,
https://www.grownbrilliance.com/2-ctw-round-lab-grown-diamond-low-solitaire-engagement-ring-14k-white-gold/pid/RIGTX06263R200-GW2,https://media.grownbrilliance.com/a2c5372a-e16a-4ea3-b361-da9fdc89a59f/https://images.grownbrilliance.com/productimages/RIGTX06263R200/medium/RIGTX06263R200-GW4_1.jpg | https://media.grownbrilliance.com/a2c5372a-e16a-4ea3-b361-da9fdc89a59f/https://images.grownbrilliance.com/productimages/RIGTX06263R200/medium/RIGTX06263R200-GW4_2.jpg | https://media.grownbrilliance.com/a2c5372a-e16a-4ea3-b361-da9fdc89a59f/https://images.grownbrilliance.com/productimages/RIGTXR06263/medium/RIGTXR06263-2.50-GW4-1-NEW.jpg | https://media.grownbrilliance.com/a2c5372a-e16a-4ea3-b361-da9fdc89a59f/https://images.grownbrilliance.com/productimages/RIG0625X1/medium/RIG0625X1-C075SO-GW-RD-2.jpg,"2 ct round lab center; low/four-prong solitaire; 14K white; E/F color, VS1/VS2 clarity","Grown Brilliance $2,595","$2,595.00","$2,595.00",Rechecked 2026-07-02: removed Kay/Zales/Jared links returning 404; retained GB product link (automated check may be blocked by anti-bot but URL is product-specific).,,,,,,,,,,,
https://www.grownbrilliance.com/7-ctw-round-lab-grown-diamond-halo-engagement-ring-platinum/pid/RIGKSR6115R600-PL3,https://media.grownbrilliance.com/a2c5372a-e16a-4ea3-b361-da9fdc89a59f/https://images.grownbrilliance.com/productimages/RIGKSR6117R600/medium/RIGKSR6117R600-WG-RB-WH-700-M0.jpg | https://media.grownbrilliance.com/a2c5372a-e16a-4ea3-b361-da9fdc89a59f/https://images.grownbrilliance.com/productimages/RIGKSR6117R600/medium/RIGKSR6117R600-WG-RB-WH-700-M1.jpg | https://media.grownbrilliance.com/a2c5372a-e16a-4ea3-b361-da9fdc89a59f/https://images.grownbrilliance.com/productimages/RIG0625X1/medium/RIG0625X1-C075SO-GW-RD-2.jpg,7 ctw round lab halo; 6 ct center; platinum; E/VS1 or D/VVS,"$8,495; $12,895","$8,495.00","$10,695.00",Spec-checked 2026-07-02: kept exact 7 ctw halo ring variants; removed non-product/category external link.,,,,,,,,,,,
https://www.grownbrilliance.com/2-1-2-ctw-emerald-lab-grown-diamond-hidden-halo-engagement-ring-14k-white-gold/pid/RIGTXR03183-GW2,https://media.grownbrilliance.com/a2c5372a-e16a-4ea3-b361-da9fdc89a59f/https://images.grownbrilliance.com/productimages/RIGTXR03183/medium/RIGTXR03183-GW4_1.jpg | https://media.grownbrilliance.com/a2c5372a-e16a-4ea3-b361-da9fdc89a59f/https://images.grownbrilliance.com/productimages/RIGTXR03183/medium/RIGTXR03183-GW4.jpg | https://media.grownbrilliance.com/a2c5372a-e16a-4ea3-b361-da9fdc89a59f/https://images.grownbrilliance.com/productimages/RIGTXR03183/medium/RIGTXR03183-GW4-1-new.jpg | https://media.grownbrilliance.com/a2c5372a-e16a-4ea3-b361-da9fdc89a59f/https://images.grownbrilliance.com/productimages/RIGTXR03183/medium/RIGTXR03183-WG-M3.jpg | https://media.grownbrilliance.com/a2c5372a-e16a-4ea3-b361-da9fdc89a59f/https://images.grownbrilliance.com/productimages/RIG0625X1/medium/RIG0625X1-C075SO-GW-EM-1.jpg,"2.5 ctw emerald lab hidden halo; about 2 ct center; 14K white; E/F color, VS1/VS2 clarity","Grown Brilliance $3,295","$3,295.00","$3,295.00",Spec-checked 2026-07-02: kept exact 2.5 ctw emerald hidden halo product; removed 2ct/3ct or different-metal comps.,,,,,,,,,,,
https://www.grownbrilliance.com/4-ctw-round-lab-grown-diamond-three-stone-ring-18k-white-gold/pid/RIGJRD0315HW2,https://media.grownbrilliance.com/a2c5372a-e16a-4ea3-b361-da9fdc89a59f/https://images.grownbrilliance.com/productimages/RIGJRD0315/medium/RIGJRD0315-HW4_1.jpg | https://media.grownbrilliance.com/a2c5372a-e16a-4ea3-b361-da9fdc89a59f/https://images.grownbrilliance.com/productimages/RIGJRD0315/medium/RIGJRD0315-HW4_2.jpg | https://media.grownbrilliance.com/a2c5372a-e16a-4ea3-b361-da9fdc89a59f/https://images.grownbrilliance.com/productimages/RIGJRD0315/medium/RIGJRD0315-HW4-1-new.jpg | https://media.grownbrilliance.com/a2c5372a-e16a-4ea3-b361-da9fdc89a59f/https://images.grownbrilliance.com/productimages/RIG0625X1/medium/RIG0625X1-C075SO-GW-RD-1.jpg,"4 ctw round lab three-stone; about 2.5 ct center; 18K white/platinum; E/F color, VS1/VS2 clarity","Grown Brilliance $4,695","$4,695.00","$4,695.00",Spec-checked 2026-07-02: fixed wrong marquise hidden-halo link; now exact 4 ctw round three-stone ring.,,,,,,,,,,,
https://www.grownbrilliance.com/7-ctw-cushion-lab-grown-diamond-double-row-side-stones-halo-engagement-ring-14k-white-gold/pid/RIG0894X4C500H1PL2,https://media.grownbrilliance.com/a2c5372a-e16a-4ea3-b361-da9fdc89a59f/https://images.grownbrilliance.com/productimages/RIGRVR01709C500/medium/RIGRVR01709C500-WG-CU-WH-681-M0.jpg | https://media.grownbrilliance.com/a2c5372a-e16a-4ea3-b361-da9fdc89a59f/https://images.grownbrilliance.com/productimages/RIGRVR01709C500/medium/RIGRVR01709C500-WG-CU-WH-681-M1.jpg | https://media.grownbrilliance.com/a2c5372a-e16a-4ea3-b361-da9fdc89a59f/https://images.grownbrilliance.com/productimages/RIG0894X4C400H1/medium/RIG0894X4C400H1-GW-NEW.jpg | https://media.grownbrilliance.com/a2c5372a-e16a-4ea3-b361-da9fdc89a59f/https://images.grownbrilliance.com/productimages/RIG0625X1/medium/RIG0625X1-C075SO-GW-CU-2.jpg,7 ctw cushion lab side-stone/double-row halo; 5 ct center; 14K white/platinum; E/VS1,"Grown Brilliance $7,595","$7,595.00","$7,595.00",Spec-checked 2026-07-02: fixed wrong round halo link; now exact 7 ctw cushion double-row side-stone halo ring in 14K white gold.,,,,,,,,,,,
,,,,,,,,,,,,,,,,,
https://www.grownbrilliance.com/2-ctw-round-lab-grown-diamond-bold-bezel-solitaire-engagement-ring-14k-yellow-gold/pid/RIGRVR02048-GY2,https://media.grownbrilliance.com/a2c5372a-e16a-4ea3-b361-da9fdc89a59f/https://images.grownbrilliance.com/productimages/RIGRVR02048/medium/RIGRVR02048-YG-RB-WH-200-M0.jpg | https://media.grownbrilliance.com/a2c5372a-e16a-4ea3-b361-da9fdc89a59f/https://images.grownbrilliance.com/productimages/RIGRVR02048/medium/RIGRVR02048-YG-RB-WH-200-M1.jpg | https://media.grownbrilliance.com/a2c5372a-e16a-4ea3-b361-da9fdc89a59f/https://images.grownbrilliance.com/productimages/RIG0625X1/medium/RIG0625X1-C075SO-GW-RD-2.jpg,"2 ctw round lab bold bezel solitaire; 14K yellow; E/F color, VS1/VS2 clarity","Grown Brilliance $3,595","$3,595.00","$3,595.00",Spec-checked 2026-07-02: fixed to bold bezel solitaire product URL for this row.,,,,,,,,,,,
,,,,,,,,,,,,,,,,,
https://www.grownbrilliance.com/2-ctw-round-lab-grown-diamond-bold-bezel-solitaire-engagement-ring-14k-yellow-gold/pid/RIGRVR02048-GY2,https://media.grownbrilliance.com/a2c5372a-e16a-4ea3-b361-da9fdc89a59f/https://images.grownbrilliance.com/productimages/RIGRVR02048/medium/RIGRVR02048-YG-RB-WH-200-M0.jpg | https://media.grownbrilliance.com/a2c5372a-e16a-4ea3-b361-da9fdc89a59f/https://images.grownbrilliance.com/productimages/RIGRVR02048/medium/RIGRVR02048-YG-RB-WH-200-M1.jpg | https://media.grownbrilliance.com/a2c5372a-e16a-4ea3-b361-da9fdc89a59f/https://images.grownbrilliance.com/productimages/RIG0625X1/medium/RIG0625X1-C075SO-GW-RD-2.jpg,,,,,,,,,,,,,,,,